"even-Apr20-0520", "Afrikaans", " ", "vlak", " vlak"
"even-Apr20-0520", "Arabic", " ", "Ù…ÙØ³ÙØ·ÙÙ‘Ø­, Ù…ÙÙ†Ø¨ÙØ³ÙØ·", " Ù…ÙØ³ÙØ·ÙÙ‘Ø­" , " Ù…ÙÙ†Ø¨ÙØ³ÙØ·"
"even-Apr20-0520", "Armenian", " ", "Õ°Õ¡Ö€Õ©, Õ°Õ¡Õ¾Õ¡Õ½Õ¡Ö€", " Õ°Õ¡Ö€Õ©" , " Õ°Õ¡Õ¾Õ¡Õ½Õ¡Ö€"
"even-Apr20-0520", "Bashkir", " ", "Ñ‚Ğ¸Ğ³ĞµÒ™|sc=Cyrl", " Ñ‚Ğ¸Ğ³ĞµÒ™|sc=Cyrl"
"even-Apr20-0520", "Belarusian", " ", "Ñ€Ğ¾ÌÑĞ½Ñ‹", " Ñ€Ğ¾ÌÑĞ½Ñ‹"
"even-Apr20-0520", "Bulgarian", " ", "Ñ€Ğ°ÌĞ²ĞµĞ½", " Ñ€Ğ°ÌĞ²ĞµĞ½"
"even-Apr20-0520", "Catalan", " ", "pla", " pla"
"even-Apr20-0520", "Chinese", " ", " ", " "
"even-Apr20-0520", " ", "Mandarin", "å¹³å¦|tr=pÃ­ngtÇn", " å¹³å¦|tr=pÃ­ngtÇn"
"even-Apr20-0520", "Czech", " ", "rovnÃ½|m", " rovnÃ½|m"
"even-Apr20-0520", "Danish", " ", "jÃ¦vn", " jÃ¦vn"
"even-Apr20-0520", "Dutch", " ", "vlak, vlakke, gelijk, gelijke", " vlak" , " vlakke" , " gelijk" , " gelijke"
"even-Apr20-0520", "Esperanto", " ", "ebena", " ebena"
"even-Apr20-0520", "Faroese", " ", "javnur", " javnur"
"even-Apr20-0520", "Finnish", " ", "tasainen", " tasainen"
"even-Apr20-0520", "French", " ", "plat", " plat"
"even-Apr20-0520", "Friulian", " ", "plan, plac", " plan" , " plac"
"even-Apr20-0520", "German", " ", "eben", " eben"
"even-Apr20-0520", "Gothic", " ", "ğŒ¹ğŒ±ğŒ½ğƒ", " ğŒ¹ğŒ±ğŒ½ğƒ"
"even-Apr20-0520", "Greek", " ", "ÎµÏ€Î¯Ï€ÎµÎ´Î¿Ï‚|m", " ÎµÏ€Î¯Ï€ÎµÎ´Î¿Ï‚|m"
"even-Apr20-0520", " ", "Ancient", "á½Î¼Î±Î»Î®Ï‚", " Ancient: á½Î¼Î±Î»Î®Ï‚"
"even-Apr20-0520", "Hungarian", " ", "egyenletes, sima, sÃ­k", " egyenletes" , " sima" , " sÃ­k"
"even-Apr20-0520", "Icelandic", " ", "jafn", " jafn"
"even-Apr20-0520", "Indonesian", " ", "rata", " rata"
"even-Apr20-0520", "Italian", " ", "piano", " piano"
"even-Apr20-0520", "Japanese", " ", "å¹³|tr=ãŸã„ã‚‰, taira", " å¹³|tr=ãŸã„ã‚‰" , " taira"
"even-Apr20-0520", "Korean", " ", "ê³ ë¥´ë‹¤", " ê³ ë¥´ë‹¤"
"even-Apr20-0520", "Latin", " ", "plÄnus", " plÄnus"
"even-Apr20-0520", "Macedonian", " ", "Ñ€Ğ°Ğ¼ĞµĞ½, Ñ€Ğ°Ğ¼Ğ½Ğ¾Ğ¼ĞµÑ€ĞµĞ½, Ğ¼Ğ°Ğ·ĞµĞ½", " Ñ€Ğ°Ğ¼ĞµĞ½" , " Ñ€Ğ°Ğ¼Ğ½Ğ¾Ğ¼ĞµÑ€ĞµĞ½" , " Ğ¼Ğ°Ğ·ĞµĞ½"
"even-Apr20-0520", "Malay", " ", "rata", " rata"
"even-Apr20-0520", "Maori", " ", "papatairite, paparite", " papatairite" , " paparite"
"even-Apr20-0520", "Mongolian", " ", "Ñ‚ÑĞ³Ñˆ|sc=Cyrl", " Ñ‚ÑĞ³Ñˆ|sc=Cyrl"
"even-Apr20-0520", "Occitan", " ", "plan, planiÃ¨r, plat", " plan" , " planiÃ¨r" , " plat"
"even-Apr20-0520", "Polish", " ", "rÃ³wny, gÅ‚adki, pÅ‚aski", " rÃ³wny" , " gÅ‚adki" , " pÅ‚aski"
"even-Apr20-0520", "Portuguese", " ", "plano, nivelado", " plano" , " nivelado"
"even-Apr20-0520", "Romanian", " ", "plat", " plat"
"even-Apr20-0520", "Romansch", " ", "guliv, uliv, anguliv, planiv, plÃ n, guleiv, gualiv", " guliv" , " uliv" , " anguliv" , " planiv" , " plÃ n" , " guleiv" , " gualiv"
"even-Apr20-0520", "Russian", " ", "Ñ€Ğ¾ÌĞ²Ğ½Ñ‹Ğ¹, Ğ³Ğ»Ğ°ÌĞ´ĞºĞ¸Ğ¹, Ğ¿Ğ»Ğ¾ÌÑĞºĞ¸Ğ¹", " Ñ€Ğ¾ÌĞ²Ğ½Ñ‹Ğ¹" , " Ğ³Ğ»Ğ°ÌĞ´ĞºĞ¸Ğ¹" , " Ğ¿Ğ»Ğ¾ÌÑĞºĞ¸Ğ¹"
"even-Apr20-0520", "Serbo-Croatian", " ", " ", " "
"even-Apr20-0520", " ", "Cyrillic", "Ñ€Ğ°Ğ²Ğ°Ğ½", " Ñ€Ğ°Ğ²Ğ°Ğ½"
"even-Apr20-0520", " ", "Roman", "ravan", " Roman: ravan"
"even-Apr20-0520", "Slovak", " ", "rovnÃ½", " rovnÃ½"
"even-Apr20-0520", "Spanish", " ", "parejo, llano", " parejo" , " llano"
"even-Apr20-0520", "Swedish", " ", "jÃ¤mn, flat, platt, slÃ¤t, plan", " jÃ¤mn" , " flat" , " platt" , " slÃ¤t" , " plan"
"even-Apr20-0520", "Telugu", " ", "à°šà°¦à±à°¨à±ˆà°¨", " à°šà°¦à±à°¨à±ˆà°¨"
"even-Apr20-0520", "Ukrainian", " ", "Ñ€Ñ–ÌĞ²Ğ½Ğ¸Ğ¹", " Ñ€Ñ–ÌĞ²Ğ½Ğ¸Ğ¹"
"even-Apr20-0520", "Venetian", " ", "guaÅ‚ivo", " guaÅ‚ivo"
"even-Apr20-0520", "Vietnamese", " ", "báº±ng pháº³ng, báº±ng", " báº±ng pháº³ng" , " báº±ng"
{{trans-top|to make even", {{trans-top|to make even"
"even-Apr20-0520", "Bulgarian", " ", "Ğ¸Ğ·Ñ€Ğ°Ğ²Ğ½ÑĞ²Ğ°Ğ¼|sc=Cyrl", " Ğ¸Ğ·Ñ€Ğ°Ğ²Ğ½ÑĞ²Ğ°Ğ¼|sc=Cyrl"
"even-Apr20-0520", "Czech", " ", "vyrovnat", " vyrovnat"
"even-Apr20-0520", "Danish", " ", "jÃ¦vne", " jÃ¦vne"
"even-Apr20-0520", "Dutch", " ", "evenen, gelijkmaken, platmaken", " evenen" , " gelijkmaken" , " platmaken"
"even-Apr20-0520", "Finnish", " ", "tasoittaa", " tasoittaa"
"even-Apr20-0520", "French", " ", "aplatir, Ã©galiser, niveler", " aplatir" , " Ã©galiser" , " niveler"
"even-Apr20-0520", "Gothic", " ", "ğŒ²ğŒ°ğŒ¹ğŒ±ğŒ½ğŒ¾ğŒ°ğŒ½", " ğŒ²ğŒ°ğŒ¹ğŒ±ğŒ½ğŒ¾ğŒ°ğŒ½"
"even-Apr20-0520", "Greek", " ", "Î¹ÏƒÎ¹ÏÎ½Ï‰|m", " Î¹ÏƒÎ¹ÏÎ½Ï‰|m"
"even-Apr20-0520", "Hungarian", " ", "kiegyenlÃ­t, egyenget, elegyenget, kiegyenesÃ­t, kiegyenlÃ­t", " kiegyenlÃ­t" , " egyenget" , " elegyenget" , " kiegyenesÃ­t" , " kiegyenlÃ­t"
"even-Apr20-0520", "Italian", " ", "spianare", " spianare"
"even-Apr20-0520", "Maori", " ", "whakaÅrite", " whakaÅrite"
"even-Apr20-0520", "Polish", " ", "wyrÃ³wnaÄ‡", " wyrÃ³wnaÄ‡"
"even-Apr20-0520", "Portuguese", " ", "igualar, nivelar, padronizar, uniformizar", " igualar" , " nivelar" , " padronizar" , " uniformizar"
"even-Apr20-0520", "Russian", " ", "Ñ€Ğ¾Ğ²Ğ½ÑÌÑ‚ÑŒ, Ğ²Ñ‹Ñ€Ğ°ÌĞ²Ğ½Ğ¸Ğ²Ğ°Ñ‚ÑŒ", " Ñ€Ğ¾Ğ²Ğ½ÑÌÑ‚ÑŒ" , " Ğ²Ñ‹Ñ€Ğ°ÌĞ²Ğ½Ğ¸Ğ²Ğ°Ñ‚ÑŒ"
"even-Apr20-0520", "Spanish", " ", "allanar", " allanar"
"even-Apr20-0520", "Swedish", " ", "jÃ¤mna, jÃ¤mna ut, plana ut, platta till", " jÃ¤mna" , " jÃ¤mna ut" , " plana ut" , " platta till"
"even-Apr20-0520", "Vietnamese", " ", "san báº±ng, lÃ m báº±ng, lÃ m pháº³ng", " san báº±ng" , " lÃ m báº±ng" , " lÃ m pháº³ng"
{{trans-top|exactly, fully", {{trans-top|exactly" , " fully"
"even-Apr20-0520", "Afrikaans", " ", "nog", " nog"
"even-Apr20-0520", "Bashkir", " ", "Ñ‚ĞµÒ¯Ó™Ğ»", " Ñ‚ĞµÒ¯Ó™Ğ»"
"even-Apr20-0520", "Bulgarian", " ", "Ñ€Ğ°ÌĞ²Ğ½Ğ¾, ĞµĞ´Ğ½Ğ°ÌĞºĞ²Ğ¾", " Ñ€Ğ°ÌĞ²Ğ½Ğ¾" , " ĞµĞ´Ğ½Ğ°ÌĞºĞ²Ğ¾"
"even-Apr20-0520", "French", " ", "exactement, complÃ¨tement", " exactement" , " complÃ¨tement"
"even-Apr20-0520", "Galician", " ", "mesmo", " mesmo"
"even-Apr20-0520", "Georgian", " ", "-áƒª", " -áƒª"
"even-Apr20-0520", "Greek", " ", "Î±ÎºÏÎ¹Î²ÏÏ‚", " Î±ÎºÏÎ¹Î²ÏÏ‚"
"even-Apr20-0520", "Hungarian", " ", "pontosan, teljesen", " pontosan" , " teljesen"
"even-Apr20-0520", "Italian", " ", "esattamente, completamente", " esattamente" , " completamente"
"even-Apr20-0520", "Macedonian", " ", "Ñ‚Ğ¾ĞºĞ¼Ñƒ, Ğ±Ğ°Ñˆ", " Ñ‚Ğ¾ĞºĞ¼Ñƒ" , " Ğ±Ğ°Ñˆ"
"even-Apr20-0520", "Portuguese", " ", "exatamente, completamente, mesmo", " exatamente" , " completamente" , " mesmo"
"even-Apr20-0520", "Romanian", " ", "chiar, exact", " chiar" , " exact"
"even-Apr20-0520", "Russian", " ", "Ñ‚Ğ¾ÌÑ‡Ğ½Ğ¾, Ñ€Ğ¾ÌĞ²Ğ½Ğ¾, ĞºĞ°Ğº Ñ€Ğ°ÌĞ·", " Ñ‚Ğ¾ÌÑ‡Ğ½Ğ¾" , " Ñ€Ğ¾ÌĞ²Ğ½Ğ¾" , " ĞºĞ°Ğº Ñ€Ğ°ÌĞ·"
{{trans-see|even number|even number", {{trans-see|even number|even number"
</textarea><div class=\\'editOptions\\'>", </textarea><div class=\\'editOptions\\'>"
<div id=\\'wpSummaryLabel\\' class=\\'mw-summary oo-ui-layout oo-ui-labelElement oo-ui-fieldLayout oo-ui-fieldLayout-align-top\\'><div class=\\'oo-ui-fieldLayout-body\\'><span class=\\'oo-ui-fieldLayout-header\\'><label for=\\'wpSummary\\' class=\\'oo-ui-labelElement-label\\'><a href=\\'/wiki/Help:Edit_summary\\' title=\\'Help:Edit summary\\'>Edit summary</a>:</label></span><div class=\\'oo-ui-fieldLayout-field\\'><div id=\\'wpSummaryWidget\\' class=\\'oo-ui-widget oo-ui-widget-enabled oo-ui-inputWidget oo-ui-textInputWidget oo-ui-textInputWidget-type-text oo-ui-textInputWidget-php\\' data-ooui=\\'{\\'_\\':\\'OO.ui.TextInputWidget\\',\\'maxLength\\':500,\\'name\\':\\'wpSummary\\',\\'value\\':\\'\/"even-Apr20-0520", "Translations *\/ \\',\\'inputId\\':\\'wpSummary\\',\\'tabIndex\\':1,\\'title\\':\\'Enter a short summary\\',\\'accessKey\\':\\'b\\',\\'required\\':false}\\'><input type=\\'text\\' tabindex=\\'1\\' title=\\'Enter a short summary [b]\\' accesskey=\\'b\\' name=\\'wpSummary\\' value=\\'/"even-Apr20-0520", "Translations */ \\' id=\\'wpSummary\\' maxlength=\\'500\\' spellcheck=\\'true\\' class=\\'oo-ui-inputWidget-input\\' /><span class=\\'oo-ui-iconElement-icon oo-ui-iconElement-noIcon\\'></span><span class=\\'oo-ui-indicatorElement-indicator oo-ui-indicatorElement-noIndicator\\'></span></div></div></div></div><div class=\\'editCheckboxes\\'><div class=\\'oo-ui-layout oo-ui-horizontalLayout\\'></div></div>", <div id=\\'wpSummaryLabel\\' class=\\'mw-summary oo-ui-layout oo-ui-labelElement oo-ui-fieldLayout oo-ui-fieldLayout-align-top\\'><div class=\\'oo-ui-fieldLayout-body\\'><span class=\\'oo-ui-fieldLayout-header\\'><label for=\\'wpSummary\\' class=\\'oo-ui-labelElement-label\\'><a href=\\'/wiki/Help:Edit_summary\\' title=\\'Help:Edit summary\\'>Edit summary</a>:</label></span><div class=\\'oo-ui-fieldLayout-field\\'><div id=\\'wpSummaryWidget\\' class=\\'oo-ui-widget oo-ui-widget-enabled oo-ui-inputWidget oo-ui-textInputWidget oo-ui-textInputWidget-type-text oo-ui-textInputWidget-php\\' data-ooui=\\'{\\'_\\':\\'OO.ui.TextInputWidget\\'" , "\\'maxLength\\':500" , "\\'name\\':\\'wpSummary\\'" , "\\'value\\':\\'\/* Translations *\/ \\'" , "\\'inputId\\':\\'wpSummary\\'" , "\\'tabIndex\\':1" , "\\'title\\':\\'Enter a short summary\\'" , "\\'accessKey\\':\\'b\\'" , "\\'required\\':false}\\'><input type=\\'text\\' tabindex=\\'1\\' title=\\'Enter a short summary [b]\\' accesskey=\\'b\\' name=\\'wpSummary\\' value=\\'/* Translations */ \\' id=\\'wpSummary\\' maxlength=\\'500\\' spellcheck=\\'true\\' class=\\'oo-ui-inputWidget-input\\' /><span class=\\'oo-ui-iconElement-icon oo-ui-iconElement-noIcon\\'></span><span class=\\'oo-ui-indicatorElement-indicator oo-ui-indicatorElement-noIndicator\\'></span></div></div></div></div><div class=\\'editCheckboxes\\'><div class=\\'oo-ui-layout oo-ui-horizontalLayout\\'></div></div>"
<div id=\\'editpage-copywarn\\'>By clicking the â€œPublish changesâ€ button, you are agreeing to the <a href=\\'https://foundation.wikimedia.org/wiki/Terms_of_Use\\' class=\\'extiw\\' title=\\'wmf:Terms of Use\\'>Terms of Use</a> and the <a href=\\'https://foundation.wikimedia.org/wiki/Privacy_policy\\' class=\\'extiw\\' title=\\'wmf:Privacy policy\\'>Privacy Policy</a>, and you irrevocably agree to release your contribution under the <a rel=\\'nofollow\\' class=\\'external text\\' href=\\'https://creativecommons.org/licenses/by-sa/3.0/\\'>CC BY-SA 3.0 License</a> and the <a rel=\\'nofollow\\' class=\\'external text\\' href=\\'http://www.gnu.org/copyleft/fdl.html\\'>GFDL</a>. You agree that a hyperlink or URL is sufficient attribution under the Creative Commons license.</div><div class=\\'editButtons\\'>", <div id=\\'editpage-copywarn\\'>By clicking the â€œPublish changesâ€ button" , " you are agreeing to the <a href=\\'https://foundation.wikimedia.org/wiki/Terms_of_Use\\' class=\\'extiw\\' title=\\'wmf:Terms of Use\\'>Terms of Use</a> and the <a href=\\'https://foundation.wikimedia.org/wiki/Privacy_policy\\' class=\\'extiw\\' title=\\'wmf:Privacy policy\\'>Privacy Policy</a>" , " and you irrevocably agree to release your contribution under the <a rel=\\'nofollow\\' class=\\'external text\\' href=\\'https://creativecommons.org/licenses/by-sa/3.0/\\'>CC BY-SA 3.0 License</a> and the <a rel=\\'nofollow\\' class=\\'external text\\' href=\\'http://www.gnu.org/copyleft/fdl.html\\'>GFDL</a>. You agree that a hyperlink or URL is sufficient attribution under the Creative Commons license.</div><div class=\\'editButtons\\'>"
<span id=\\'wpSaveWidget\\' class=\\'oo-ui-widget oo-ui-widget-enabled oo-ui-inputWidget oo-ui-buttonElement oo-ui-buttonElement-framed oo-ui-labelElement oo-ui-flaggedElement-progressive oo-ui-flaggedElement-primary oo-ui-buttonInputWidget\\' data-ooui=\\'{\\'_\\':\\'OO.ui.ButtonInputWidget\\',\\'useInputTag\\':true,\\'type\\':\\'submit\\',\\'name\\':\\'wpSave\\',\\'inputId\\':\\'wpSave\\',\\'tabIndex\\':3,\\'title\\':\\'Publish your changes\\',\\'accessKey\\':\\'s\\',\\'label\\':\\'Publish changes\\',\\'flags\\':[\\'progressive\\',\\'primary\\']}\\'><input type=\\'submit\\' tabindex=\\'3\\' title=\\'Publish your changes [s]\\' accesskey=\\'s\\' name=\\'wpSave\\' id=\\'wpSave\\' value=\\'Publish changes\\' class=\\'oo-ui-inputWidget-input oo-ui-buttonElement-button\\' /></span>", <span id=\\'wpSaveWidget\\' class=\\'oo-ui-widget oo-ui-widget-enabled oo-ui-inputWidget oo-ui-buttonElement oo-ui-buttonElement-framed oo-ui-labelElement oo-ui-flaggedElement-progressive oo-ui-flaggedElement-primary oo-ui-buttonInputWidget\\' data-ooui=\\'{\\'_\\':\\'OO.ui.ButtonInputWidget\\'" , "\\'useInputTag\\':true" , "\\'type\\':\\'submit\\'" , "\\'name\\':\\'wpSave\\'" , "\\'inputId\\':\\'wpSave\\'" , "\\'tabIndex\\':3" , "\\'title\\':\\'Publish your changes\\'" , "\\'accessKey\\':\\'s\\'" , "\\'label\\':\\'Publish changes\\'" , "\\'flags\\':[\\'progressive\\'" , "\\'primary\\']}\\'><input type=\\'submit\\' tabindex=\\'3\\' title=\\'Publish your changes [s]\\' accesskey=\\'s\\' name=\\'wpSave\\' id=\\'wpSave\\' value=\\'Publish changes\\' class=\\'oo-ui-inputWidget-input oo-ui-buttonElement-button\\' /></span>"
<span id=\\'wpPreviewWidget\\' class=\\'oo-ui-widget oo-ui-widget-enabled oo-ui-inputWidget oo-ui-buttonElement oo-ui-buttonElement-framed oo-ui-labelElement oo-ui-buttonInputWidget\\' data-ooui=\\'{\\'_\\':\\'OO.ui.ButtonInputWidget\\',\\'useInputTag\\':true,\\'type\\':\\'submit\\',\\'name\\':\\'wpPreview\\',\\'inputId\\':\\'wpPreview\\',\\'tabIndex\\':4,\\'title\\':\\'Preview your changes. Please use this before publishing.\\',\\'accessKey\\':\\'p\\',\\'label\\':\\'Show preview\\'}\\'><input type=\\'submit\\' tabindex=\\'4\\' title=\\'Preview your changes. Please use this before publishing. [p]\\' accesskey=\\'p\\' name=\\'wpPreview\\' id=\\'wpPreview\\' value=\\'Show preview\\' class=\\'oo-ui-inputWidget-input oo-ui-buttonElement-button\\' /></span>", <span id=\\'wpPreviewWidget\\' class=\\'oo-ui-widget oo-ui-widget-enabled oo-ui-inputWidget oo-ui-buttonElement oo-ui-buttonElement-framed oo-ui-labelElement oo-ui-buttonInputWidget\\' data-ooui=\\'{\\'_\\':\\'OO.ui.ButtonInputWidget\\'" , "\\'useInputTag\\':true" , "\\'type\\':\\'submit\\'" , "\\'name\\':\\'wpPreview\\'" , "\\'inputId\\':\\'wpPreview\\'" , "\\'tabIndex\\':4" , "\\'title\\':\\'Preview your changes. Please use this before publishing.\\'" , "\\'accessKey\\':\\'p\\'" , "\\'label\\':\\'Show preview\\'}\\'><input type=\\'submit\\' tabindex=\\'4\\' title=\\'Preview your changes. Please use this before publishing. [p]\\' accesskey=\\'p\\' name=\\'wpPreview\\' id=\\'wpPreview\\' value=\\'Show preview\\' class=\\'oo-ui-inputWidget-input oo-ui-buttonElement-button\\' /></span>"
<span id=\\'wpDiffWidget\\' class=\\'oo-ui-widget oo-ui-widget-enabled oo-ui-inputWidget oo-ui-buttonElement oo-ui-buttonElement-framed oo-ui-labelElement oo-ui-buttonInputWidget\\' data-ooui=\\'{\\'_\\':\\'OO.ui.ButtonInputWidget\\',\\'useInputTag\\':true,\\'type\\':\\'submit\\',\\'name\\':\\'wpDiff\\',\\'inputId\\':\\'wpDiff\\',\\'tabIndex\\':5,\\'title\\':\\'Show which changes you made to the text\\',\\'accessKey\\':\\'v\\',\\'label\\':\\'Show changes\\'}\\'><input type=\\'submit\\' tabindex=\\'5\\' title=\\'Show which changes you made to the text [v]\\' accesskey=\\'v\\' name=\\'wpDiff\\' id=\\'wpDiff\\' value=\\'Show changes\\' class=\\'oo-ui-inputWidget-input oo-ui-buttonElement-button\\' /></span>", <span id=\\'wpDiffWidget\\' class=\\'oo-ui-widget oo-ui-widget-enabled oo-ui-inputWidget oo-ui-buttonElement oo-ui-buttonElement-framed oo-ui-labelElement oo-ui-buttonInputWidget\\' data-ooui=\\'{\\'_\\':\\'OO.ui.ButtonInputWidget\\'" , "\\'useInputTag\\':true" , "\\'type\\':\\'submit\\'" , "\\'name\\':\\'wpDiff\\'" , "\\'inputId\\':\\'wpDiff\\'" , "\\'tabIndex\\':5" , "\\'title\\':\\'Show which changes you made to the text\\'" , "\\'accessKey\\':\\'v\\'" , "\\'label\\':\\'Show changes\\'}\\'><input type=\\'submit\\' tabindex=\\'5\\' title=\\'Show which changes you made to the text [v]\\' accesskey=\\'v\\' name=\\'wpDiff\\' id=\\'wpDiff\\' value=\\'Show changes\\' class=\\'oo-ui-inputWidget-input oo-ui-buttonElement-button\\' /></span>"
	<span class=\\'cancelLink\\'><span id=\\'mw-editform-cancel\\' class=\\'oo-ui-widget oo-ui-widget-enabled oo-ui-buttonElement oo-ui-buttonElement-frameless oo-ui-labelElement oo-ui-flaggedElement-destructive oo-ui-buttonWidget\\' data-ooui=\\'{\\'_\\':\\'OO.ui.ButtonWidget\\',\\'href\\':\\'\/wiki\/even\\',\\'rel\\':[\\'nofollow\\'],\\'framed\\':false,\\'label\\':{\\'html\\':\\'Cancel\\'},\\'flags\\':[\\'destructive\\'],\\'tabIndex\\':5}\\'><a role=\\'button\\' tabindex=\\'5\\' href=\\'/wiki/even\\' rel=\\'nofollow\\' class=\\'oo-ui-buttonElement-button\\'><span class=\\'oo-ui-iconElement-icon oo-ui-iconElement-noIcon oo-ui-image-destructive\\'></span><span class=\\'oo-ui-labelElement-label\\'>Cancel</span><span class=\\'oo-ui-indicatorElement-indicator oo-ui-indicatorElement-noIndicator oo-ui-image-destructive\\'></span></a></span></span>", 	<span class=\\'cancelLink\\'><span id=\\'mw-editform-cancel\\' class=\\'oo-ui-widget oo-ui-widget-enabled oo-ui-buttonElement oo-ui-buttonElement-frameless oo-ui-labelElement oo-ui-flaggedElement-destructive oo-ui-buttonWidget\\' data-ooui=\\'{\\'_\\':\\'OO.ui.ButtonWidget\\'" , "\\'href\\':\\'\/wiki\/even\\'" , "\\'rel\\':[\\'nofollow\\']" , "\\'framed\\':false" , "\\'label\\':{\\'html\\':\\'Cancel\\'}" , "\\'flags\\':[\\'destructive\\']" , "\\'tabIndex\\':5}\\'><a role=\\'button\\' tabindex=\\'5\\' href=\\'/wiki/even\\' rel=\\'nofollow\\' class=\\'oo-ui-buttonElement-button\\'><span class=\\'oo-ui-iconElement-icon oo-ui-iconElement-noIcon oo-ui-image-destructive\\'></span><span class=\\'oo-ui-labelElement-label\\'>Cancel</span><span class=\\'oo-ui-indicatorElement-indicator oo-ui-indicatorElement-noIndicator oo-ui-image-destructive\\'></span></a></span></span>"
	<span class=\\'editHelp\\'><a target=\\'helpwindow\\' href=\\'https://www.mediawiki.org/wiki/Special:MyLanguage/Help:Editing_pages\\'>Editing help</a> (opens in new window)</span>", 	<span class=\\'editHelp\\'><a target=\\'helpwindow\\' href=\\'https://www.mediawiki.org/wiki/Special:MyLanguage/Help:Editing_pages\\'>Editing help</a> (opens in new window)</span>"
</div>", </div>"
<span id=\\'templatesandbox-editform\\'><input id=\\'wpTemplateSandboxTemplate\\' type=\\'hidden\\' value=\\'even\\' name=\\'wpTemplateSandboxTemplate\\'/><input id=\\'wpTemplateSandboxPage\\' type=\\'hidden\\' name=\\'wpTemplateSandboxPage\\'/></span>", <span id=\\'templatesandbox-editform\\'><input id=\\'wpTemplateSandboxTemplate\\' type=\\'hidden\\' value=\\'even\\' name=\\'wpTemplateSandboxTemplate\\'/><input id=\\'wpTemplateSandboxPage\\' type=\\'hidden\\' name=\\'wpTemplateSandboxPage\\'/></span>"
</div>", </div>"
<input type=\\'hidden\\' value=\\'+\\\' name=\\'wpEditToken\\'/>", <input type=\\'hidden\\' value=\\'+\\\' name=\\'wpEditToken\\'/>"
<div class=\\'mw-editTools\\'><div id=\\'editpage-specialchars\\' class=\\'plainlinks\\' style=\\'margin-top:1px;border-width:1px;border-style:solid;border-color:#aaaaaa;padding:2px;\\'>", <div class=\\'mw-editTools\\'><div id=\\'editpage-specialchars\\' class=\\'plainlinks\\' style=\\'margin-top:1px;border-width:1px;border-style:solid;border-color:#aaaaaa;padding:2px;\\'>"
<p class=\\'specialbasic\\' id=\\'edittools-Latin/Roman\\'>", <p class=\\'specialbasic\\' id=\\'edittools-Latin/Roman\\'>"
<span title=\\'letters with acute accents\\'><b>Acute</b>", " ", "<span class=\\'charinsert\\'>Ã Ã¡ Ä† Ä‡ Ã‰ Ã© Çµ á¸± Ã Ã­ Ä¹ Äº Åƒ Å„ Ã“ Ã³ Å” Å• Åš Å› Ãš Ãº áº‚ áºƒ Ã Ã½ Å¹ Åº Ç¼ Ç½</span></span> Â·Â·Â·", <span title=\\'letters with acute accents\\'><b>Acute</b>: <span class=\\'charinsert\\'>Ã Ã¡ Ä† Ä‡ Ã‰ Ã© Çµ á¸± Ã Ã­ Ä¹ Äº Åƒ Å„ Ã“ Ã³ Å” Å• Åš Å› Ãš Ãº áº‚ áºƒ Ã Ã½ Å¹ Åº Ç¼ Ç½</span></span> Â·Â·Â·"
<span title=\\'grave accents\\'><b>Grave</b>", " ", "<span class=\\'charinsert\\'>Ã€ Ã  Ãˆ Ã¨ ÃŒ Ã¬ Ã’ Ã² Ã™ Ã¹ áº€ áº á»² á»³</span></span> Â·Â·Â·", <span title=\\'grave accents\\'><b>Grave</b>: <span class=\\'charinsert\\'>Ã€ Ã  Ãˆ Ã¨ ÃŒ Ã¬ Ã’ Ã² Ã™ Ã¹ áº€ áº á»² á»³</span></span> Â·Â·Â·"
<span title=\\'circumflexes\\'><b>Circumflex</b>", " ", "<span class=\\'charinsert\\'>Ã‚ Ã¢ Äˆ Ä‰ ÃŠ Ãª Äœ Ä Ä¤ Ä¥ Ã Ã® Ä´ Äµ Ã” Ã´ Åœ Å Ã› Ã» Å´ Åµ Å¶ Å·</span></span> Â·Â·Â·", <span title=\\'circumflexes\\'><b>Circumflex</b>: <span class=\\'charinsert\\'>Ã‚ Ã¢ Äˆ Ä‰ ÃŠ Ãª Äœ Ä Ä¤ Ä¥ Ã Ã® Ä´ Äµ Ã” Ã´ Åœ Å Ã› Ã» Å´ Åµ Å¶ Å·</span></span> Â·Â·Â·"
<span title=\\'umlauts and diaereses\\'><b>Umlauts and diaereses</b>", " ", "<span class=\\'charinsert\\'>Ã„ Ã¤ Ã‹ Ã« Ã Ã¯ Ã– Ã¶ Ãœ Ã¼ áº„ áº… Å¸ Ã¿</span></span> Â·Â·Â·", <span title=\\'umlauts and diaereses\\'><b>Umlauts and diaereses</b>: <span class=\\'charinsert\\'>Ã„ Ã¤ Ã‹ Ã« Ã Ã¯ Ã– Ã¶ Ãœ Ã¼ áº„ áº… Å¸ Ã¿</span></span> Â·Â·Â·"
<span title=\\'tildes\\'><b>Tilde</b>", " ", "<span class=\\'charinsert\\'>Ãƒ Ã£ áº¼ áº½ Ä¨ Ä© lÌƒ mÌƒ Ã‘ Ã± rÌƒ Ã• Ãµ Å¨ Å© á»¸ á»¹</span></span> Â·Â·Â·", <span title=\\'tildes\\'><b>Tilde</b>: <span class=\\'charinsert\\'>Ãƒ Ã£ áº¼ áº½ Ä¨ Ä© lÌƒ mÌƒ Ã‘ Ã± rÌƒ Ã• Ãµ Å¨ Å© á»¸ á»¹</span></span> Â·Â·Â·"
<span title=\\'rings above/krouÅ¾ek diacritics\\'><b>Ring</b>", " ", "<span class=\\'charinsert\\'>Ã… Ã¥ Å® Å¯</span></span> Â·Â·Â·", <span title=\\'rings above/krouÅ¾ek diacritics\\'><b>Ring</b>: <span class=\\'charinsert\\'>Ã… Ã¥ Å® Å¯</span></span> Â·Â·Â·"
<span title=\\'cedillas\\'><b>Cedilla</b>", " ", "<span class=\\'charinsert\\'>Ã‡ Ã§ Ä¢ Ä£ Ä¶ Ä· Ä» Ä¼ Å… Å† Å– Å— Å ÅŸ</span></span> Â·Â·Â·", <span title=\\'cedillas\\'><b>Cedilla</b>: <span class=\\'charinsert\\'>Ã‡ Ã§ Ä¢ Ä£ Ä¶ Ä· Ä» Ä¼ Å… Å† Å– Å— Å ÅŸ</span></span> Â·Â·Â·"
<span title=\\'commas below\\'><b>Comma below</b>", " ", "<span class=\\'charinsert\\'>DÌ¦ dÌ¦ È˜ È™ Èš È›</span></span> Â·Â·Â·", <span title=\\'commas below\\'><b>Comma below</b>: <span class=\\'charinsert\\'>DÌ¦ dÌ¦ È˜ È™ Èš È›</span></span> Â·Â·Â·"
<span title=\\'ogoneks\\'><b>Ogonek</b>", " ", "<span class=\\'charinsert\\'>Ä„ Ä… Ä˜ Ä™ Ä® Ä¯ Çª Ç« Å² Å³</span></span> Â·Â·Â· <span title=\\'hooks\\'><b>Hook</b>", " ", "<span class=\\'charinsert\\'>áº¢ áº£ áºº áº» á»ˆ á»‰ á» á» á»¦ á»§ á»¶ á»·</span></span> Â·Â·Â· <span title=\\'horns\\'><b>Horn</b>", " ", "<span class=\\'charinsert\\'>Æ  Æ¡ Æ¯ Æ°</span></span> Â·Â·Â· <span title=\\'letters with carons/hÃ¡Äeks\\'><b>Caron</b>", " ", "<span class=\\'charinsert\\'>Ç Ç ÄŒ Ä Ä Ä Äš Ä› Ç Ç JÌŒ Ç° Ä½ Ä¾ Å‡ Åˆ Ç‘ Ç’ Å˜ Å™ Å  Å¡ Å¤ Å¥ Ç“ Ç” Å½ Å¾ Ç® Ç¯</span></span> Â·Â·Â·", <span title=\\'ogoneks\\'><b>Ogonek</b>: <span class=\\'charinsert\\'>Ä„ Ä… Ä˜ Ä™ Ä® Ä¯ Çª Ç« Å² Å³</span></span> Â·Â·Â· <span title=\\'hooks\\'><b>Hook</b>: <span class=\\'charinsert\\'>áº¢ áº£ áºº áº» á»ˆ á»‰ á» á» á»¦ á»§ á»¶ á»·</span></span> Â·Â·Â· <span title=\\'horns\\'><b>Horn</b>: <span class=\\'charinsert\\'>Æ  Æ¡ Æ¯ Æ°</span></span> Â·Â·Â· <span title=\\'letters with carons/hÃ¡Äeks\\'><b>Caron</b>: <span class=\\'charinsert\\'>Ç Ç ÄŒ Ä Ä Ä Äš Ä› Ç Ç JÌŒ Ç° Ä½ Ä¾ Å‡ Åˆ Ç‘ Ç’ Å˜ Å™ Å  Å¡ Å¤ Å¥ Ç“ Ç” Å½ Å¾ Ç® Ç¯</span></span> Â·Â·Â·"
<span title=\\'breves\\'><b>Breve</b>", " ", "<span class=\\'charinsert\\'>Ä‚ Äƒ Ä” Ä• Ä ÄŸ Ä¬ Ä­ Å Å Å¬ Å­</span></span> Â·Â·Â·", <span title=\\'breves\\'><b>Breve</b>: <span class=\\'charinsert\\'>Ä‚ Äƒ Ä” Ä• Ä ÄŸ Ä¬ Ä­ Å Å Å¬ Å­</span></span> Â·Â·Â·"
<span title=\\'strokes\\'><b>Stroke</b>", " ", "<span class=\\'charinsert\\'>Éƒ Æ€ Ä Ä‘ Ç¤ Ç¥ Ä¦ Ä§ Å Å‚ Ã˜ Ã¸ Å¦ Å§ É„ Ê‰</span></span> Â·Â·Â·", <span title=\\'strokes\\'><b>Stroke</b>: <span class=\\'charinsert\\'>Éƒ Æ€ Ä Ä‘ Ç¤ Ç¥ Ä¦ Ä§ Å Å‚ Ã˜ Ã¸ Å¦ Å§ É„ Ê‰</span></span> Â·Â·Â·"
<span title=\\'double acute accents\\'><b>Double acute</b>", " ", "<span class=\\'charinsert\\'>Å Å‘ Å° Å±</span></span> Â·Â·Â·", <span title=\\'double acute accents\\'><b>Double acute</b>: <span class=\\'charinsert\\'>Å Å‘ Å° Å±</span></span> Â·Â·Â·"
<span title=\\'macrons\\'><b>Macron</b>", " ", "<span class=\\'charinsert\\'>Ä€ Ä Ä’ Ä“ Äª Ä« ÅŒ Å Åª Å« È² È³ Ç¢ Ç£</span></span> Â·Â·Â·", <span title=\\'macrons\\'><b>Macron</b>: <span class=\\'charinsert\\'>Ä€ Ä Ä’ Ä“ Äª Ä« ÅŒ Å Åª Å« È² È³ Ç¢ Ç£</span></span> Â·Â·Â·"
<span title=\\'dots above\\'><b>Dot above</b>", " ", "<span class=\\'charinsert\\'>á¸‚ á¸ƒ ÄŠ Ä‹ á¸Š á¸‹ Ä– Ä— á¸ á¸Ÿ Ä  Ä¡ Ä° i á¹€ á¹ á¹„ á¹… á¹– á¹— á¹˜ á¹™ á¹  á¹¡ á¹ª á¹« Å» Å¼</span></span> Â·Â·Â·", <span title=\\'dots above\\'><b>Dot above</b>: <span class=\\'charinsert\\'>á¸‚ á¸ƒ ÄŠ Ä‹ á¸Š á¸‹ Ä– Ä— á¸ á¸Ÿ Ä  Ä¡ Ä° i á¹€ á¹ á¹„ á¹… á¹– á¹— á¹˜ á¹™ á¹  á¹¡ á¹ª á¹« Å» Å¼</span></span> Â·Â·Â·"
<span title=\\'dots below\\'><b>Dot below</b>", " ", "<span class=\\'charinsert\\'>áº  áº¡ á¸Œ á¸ áº¸ áº¹ á¸¤ á¸¥ á»Š á»‹ á»Œ á» á¹š á¹› á¹¢ á¹£ á¹¬ á¹­ á»¤ á»¥ á»´ á»µ áº’ áº“</span></span> Â·Â·Â·", <span title=\\'dots below\\'><b>Dot below</b>: <span class=\\'charinsert\\'>áº  áº¡ á¸Œ á¸ áº¸ áº¹ á¸¤ á¸¥ á»Š á»‹ á»Œ á» á¹š á¹› á¹¢ á¹£ á¹¬ á¹­ á»¤ á»¥ á»´ á»µ áº’ áº“</span></span> Â·Â·Â·"
<span title=\\'AE ligatures\\'><b>Ligatures</b>", " ", "<span class=\\'charinsert\\'>Ã† Ã¦</span></span> <span title=\\'OE ligatures\\'><span class=\\'charinsert\\'>Å’ Å“</span></span> <span title=\\'Eszett (ss/sz ligature)\\'><span class=\\'charinsert\\'>áº ÃŸ</span></span> Â·Â·Â· <b>Others</b>", " ", " ", <span title=\\'AE ligatures\\'><b>Ligatures</b>: <span class=\\'charinsert\\'>Ã† Ã¦</span></span> <span title=\\'OE ligatures\\'><span class=\\'charinsert\\'>Å’ Å“</span></span> <span title=\\'Eszett (ss/sz ligature)\\'><span class=\\'charinsert\\'>áº ÃŸ</span></span> Â·Â·Â· <b>Others</b>:"
<span class=\\'charinsert\\'><span title=\\'eth (distinct from D with stroke)\\'>Ã Ã°</span> <span title=\\'schwa\\'>Æ É™</span> <span title=\\'yogh\\'>Èœ È</span> <span title=\\'insular g\\'>ê½ áµ¹</span> <span title=\\'hwair\\'>Ç¶ Æ•</span> <span title=\\'dotless i\\'>Ä±</span> <span title=\\'eng\\'>ÅŠ Å‹</span> <span title=\\'long s\\'>Å¿</span> <span title=\\'thorn\\'>Ã Ã¾</span> <span title=\\'wynn\\'>Ç· Æ¿</span> <span title=\\'Hawaiian Ê»okina\\'><b>Ê»</b></span> Â·Â·Â· </span> <b>Double diacritics</b>", " ", "<span class=\\'charinsert\\'>áº° áº± áº² áº³ áº´ áºµ áº® áº¯ áº¶ áº· áº¦ áº§ áº¨ áº© áºª áº« áº¤ áº¥ áº¬ áº­ Ä…Ì Ä…Ìƒ  ÄÌ£ ÄŒÌ£ á»€ á» á»‚ á»ƒ á»„ á»… áº¾ áº¿ á»† á»‡ á¸— Ä–Ì„ Ä—Ì„ Ä™Ì Ä™Ìƒ Ä—Ì Ä—Ìƒ  á¸® á¸¯ Ä¯Ì Ä¯Ìƒ á»’ á»“ á»” á»• á»– á»— á» á»‘ Ç¬ Ç­ á»˜ á»™ á¹“ á»œ á» á» á»Ÿ á»  á»¡ á»š á»› á»¢ á»£ á¹ á¹ Ç— Ç˜ Ç› Çœ Ç™ Çš Ç• Ç– á»ª á»« á»¬ á»­ á»® á»¯ á»¨ á»© á»° á»± Å³Ì Å³Ìƒ Å«Ì Å«Ìƒ  Ã¿Ì </span>", <span class=\\'charinsert\\'><span title=\\'eth (distinct from D with stroke)\\'>Ã Ã°</span> <span title=\\'schwa\\'>Æ É™</span> <span title=\\'yogh\\'>Èœ È</span> <span title=\\'insular g\\'>ê½ áµ¹</span> <span title=\\'hwair\\'>Ç¶ Æ•</span> <span title=\\'dotless i\\'>Ä±</span> <span title=\\'eng\\'>ÅŠ Å‹</span> <span title=\\'long s\\'>Å¿</span> <span title=\\'thorn\\'>Ã Ã¾</span> <span title=\\'wynn\\'>Ç· Æ¿</span> <span title=\\'Hawaiian Ê»okina\\'><b>Ê»</b></span> Â·Â·Â· </span> <b>Double diacritics</b>: <span class=\\'charinsert\\'>áº° áº± áº² áº³ áº´ áºµ áº® áº¯ áº¶ áº· áº¦ áº§ áº¨ áº© áºª áº« áº¤ áº¥ áº¬ áº­ Ä…Ì Ä…Ìƒ  ÄÌ£ ÄŒÌ£ á»€ á» á»‚ á»ƒ á»„ á»… áº¾ áº¿ á»† á»‡ á¸— Ä–Ì„ Ä—Ì„ Ä™Ì Ä™Ìƒ Ä—Ì Ä—Ìƒ  á¸® á¸¯ Ä¯Ì Ä¯Ìƒ á»’ á»“ á»” á»• á»– á»— á» á»‘ Ç¬ Ç­ á»˜ á»™ á¹“ á»œ á» á» á»Ÿ á»  á»¡ á»š á»› á»¢ á»£ á¹ á¹ Ç— Ç˜ Ç› Çœ Ç™ Çš Ç• Ç– á»ª á»« á»¬ á»­ á»® á»¯ á»¨ á»© á»° á»± Å³Ì Å³Ìƒ Å«Ì Å«Ìƒ  Ã¿Ì </span>"
</p>", </p>"
<p class=\\'specialbasic\\' id=\\'edittools-IPA_and_enPR\\'>", <p class=\\'specialbasic\\' id=\\'edittools-IPA_and_enPR\\'>"
<b><a href=\\'/wiki/Wiktionary:IPA\\' class=\\'mw-redirect\\' title=\\'Wiktionary:IPA\\'>IPA</a></b>", " ", "<span class=\\'charinsert\\'>{{IPA||/+/</span>", <b><a href=\\'/wiki/Wiktionary:IPA\\' class=\\'mw-redirect\\' title=\\'Wiktionary:IPA\\'>IPA</a></b>: <span class=\\'charinsert\\'>{{IPA||/+/</span>"
<b><a href=\\'/wiki/Wiktionary:IPA#Vowels\\' class=\\'mw-redirect\\' title=\\'Wiktionary:IPA\\'>Vowels</a></b>", " ", "<span class=\\'charinsert\\' title=\\'IPA vowels\\'>É¨ Ê‰ É¯ Éª Ê ÊŠ Ã¸ É˜ Éµ É¤ É™ É› Å“ Éœ É ÊŒ É” Ã¦ É É¶ É‘ É’ Éš É Ã£ É‘Ìƒ É™Ìƒ É›Ìƒ É”Ìƒ Å“Ìƒ Ã¦Ìƒ áº½ Ä© Ãµ Å© iÌ¯ yÌ¯ uÌ¯ ÉªÌ¯ ÊÌ¯ ÊŠÌ¯ ÉÌ¯ eÌ oÌ Ã¸Ì aÌ¯ iÌ¥ uÌ¥ É¯Ì¥ áµŠ</span> Â·Â·Â·", <b><a href=\\'/wiki/Wiktionary:IPA#Vowels\\' class=\\'mw-redirect\\' title=\\'Wiktionary:IPA\\'>Vowels</a></b>: <span class=\\'charinsert\\' title=\\'IPA vowels\\'>É¨ Ê‰ É¯ Éª Ê ÊŠ Ã¸ É˜ Éµ É¤ É™ É› Å“ Éœ É ÊŒ É” Ã¦ É É¶ É‘ É’ Éš É Ã£ É‘Ìƒ É™Ìƒ É›Ìƒ É”Ìƒ Å“Ìƒ Ã¦Ìƒ áº½ Ä© Ãµ Å© iÌ¯ yÌ¯ uÌ¯ ÉªÌ¯ ÊÌ¯ ÊŠÌ¯ ÉÌ¯ eÌ oÌ Ã¸Ì aÌ¯ iÌ¥ uÌ¥ É¯Ì¥ áµŠ</span> Â·Â·Â·"
<b><a href=\\'/wiki/Wiktionary:IPA#Suprasegmentals\\' class=\\'mw-redirect\\' title=\\'Wiktionary:IPA\\'>Suprasegmentals</a></b>", " ", "<span class=\\'charinsert\\' title=\\'IPA Suprasegmentals\\'>Ëˆ ËŒ Ë Ë‘ Ë¥ Ë¦ Ë§ Ë¨ Ë© Â¹ Â² Â³ â´ âµ â¶ â· â¸ â¹ â€¿ êœ› êœœ </span> Â·Â·Â·", <b><a href=\\'/wiki/Wiktionary:IPA#Suprasegmentals\\' class=\\'mw-redirect\\' title=\\'Wiktionary:IPA\\'>Suprasegmentals</a></b>: <span class=\\'charinsert\\' title=\\'IPA Suprasegmentals\\'>Ëˆ ËŒ Ë Ë‘ Ë¥ Ë¦ Ë§ Ë¨ Ë© Â¹ Â² Â³ â´ âµ â¶ â· â¸ â¹ â€¿ êœ› êœœ </span> Â·Â·Â·"
<b><a href=\\'/wiki/Wiktionary:IPA#Consonants_(Pulmonic)\\' class=\\'mw-redirect\\' title=\\'Wiktionary:IPA\\'>Pulmonic consonants</a></b>", " ", "<span class=\\'charinsert\\' title=\\'IPA pulmonic consonants\\'>bÌ¥ dÌ¥ É¡ÌŠ lÌ¥ mÌ¥ nÌ¥ rÌ¥ tÌª dÌª nÌª Êˆ É– ÉŸ É¢ Ê” É± n É³ É² Å‹ É´ Ê™ Ê€ É¾ É½ É¸ Î² á¹½ Î¸ Ã° Êƒ Ê’ Ê‚ Ê Ã§ Ê É£ Ï‡ Ê Ä§ Ê• É¦ É¬ É® Ê‹ É¹ É» É° É­ Ê ÊŸ Ê É¥ Êœ Ê¢ Ê¡ É• Ê‘ Éº É§ É¡ É« lÌ© mÌ© nÌ© rÌ© É¹Ì© rÌ¥ tÍ¡Êƒ dÍ¡Ê’ tÍ¡É• dÍ¡Ê‘ tÍ¡s dÍ¡z</span> Â·Â·Â·", <b><a href=\\'/wiki/Wiktionary:IPA#Consonants_(Pulmonic)\\' class=\\'mw-redirect\\' title=\\'Wiktionary:IPA\\'>Pulmonic consonants</a></b>: <span class=\\'charinsert\\' title=\\'IPA pulmonic consonants\\'>bÌ¥ dÌ¥ É¡ÌŠ lÌ¥ mÌ¥ nÌ¥ rÌ¥ tÌª dÌª nÌª Êˆ É– ÉŸ É¢ Ê” É± n É³ É² Å‹ É´ Ê™ Ê€ É¾ É½ É¸ Î² á¹½ Î¸ Ã° Êƒ Ê’ Ê‚ Ê Ã§ Ê É£ Ï‡ Ê Ä§ Ê• É¦ É¬ É® Ê‹ É¹ É» É° É­ Ê ÊŸ Ê É¥ Êœ Ê¢ Ê¡ É• Ê‘ Éº É§ É¡ É« lÌ© mÌ© nÌ© rÌ© É¹Ì© rÌ¥ tÍ¡Êƒ dÍ¡Ê’ tÍ¡É• dÍ¡Ê‘ tÍ¡s dÍ¡z</span> Â·Â·Â·"
<b><a href=\\'/wiki/Wiktionary:IPA#Consonants_(non-pulmonic)\\' class=\\'mw-redirect\\' title=\\'Wiktionary:IPA\\'>Non-pulmonic consonants</a></b>", " ", "<a href=\\'https://en.wikipedia.org/wiki/Click_consonant\\' class=\\'extiw\\' title=\\'w:Click consonant\\'>Clicks</a>", " ", "<span class=\\'charinsert\\' title=\\'IPA non-pulmonic consonants - clicks\\'>Ê˜ Ç€ Çƒ Ç‚ Ç</span> Â· <a href=\\'https://en.wikipedia.org/wiki/Implosive_consonant\\' class=\\'extiw\\' title=\\'w:Implosive consonant\\'>Implosives</a>", " ", "<span class=\\'charinsert\\' title=\\'IPA non-pulmonic consonants - implosives\\'>É“ É— Ê„ É  Ê›</span> Â· <a href=\\'https://en.wikipedia.org/wiki/Ejective_consonant\\' class=\\'extiw\\' title=\\'w:Ejective consonant\\'>Ejectives</a>", " ", "<span class=\\'charinsert\\' title=\\'IPA non-pulmonic consonants - ejectives\\'>Ê¼</span> Â·Â·Â· <b><a href=\\'/wiki/Wiktionary:IPA#Diacritics\\' class=\\'mw-redirect\\' title=\\'Wiktionary:IPA\\'>Diacritics</a></b>", " ", "<span class=\\'charinsert\\'>Ê° Ê± Ê² Ê· Ë  Ë€ Ë¤ Ë áµ áµ á¶¬ â¿ á¶¯ á¶® áµ‘ á¶° &#160;Ì°  &#160;Ì¤  &#160;Íˆ &#160;Ì¯ &#160;Ì‘</span><br />", <b><a href=\\'/wiki/Wiktionary:IPA#Consonants_(non-pulmonic)\\' class=\\'mw-redirect\\' title=\\'Wiktionary:IPA\\'>Non-pulmonic consonants</a></b>: <a href=\\'https://en.wikipedia.org/wiki/Click_consonant\\' class=\\'extiw\\' title=\\'w:Click consonant\\'>Clicks</a>: <span class=\\'charinsert\\' title=\\'IPA non-pulmonic consonants - clicks\\'>Ê˜ Ç€ Çƒ Ç‚ Ç</span> Â· <a href=\\'https://en.wikipedia.org/wiki/Implosive_consonant\\' class=\\'extiw\\' title=\\'w:Implosive consonant\\'>Implosives</a>: <span class=\\'charinsert\\' title=\\'IPA non-pulmonic consonants - implosives\\'>É“ É— Ê„ É  Ê›</span> Â· <a href=\\'https://en.wikipedia.org/wiki/Ejective_consonant\\' class=\\'extiw\\' title=\\'w:Ejective consonant\\'>Ejectives</a>: <span class=\\'charinsert\\' title=\\'IPA non-pulmonic consonants - ejectives\\'>Ê¼</span> Â·Â·Â· <b><a href=\\'/wiki/Wiktionary:IPA#Diacritics\\' class=\\'mw-redirect\\' title=\\'Wiktionary:IPA\\'>Diacritics</a></b>: <span class=\\'charinsert\\'>Ê° Ê± Ê² Ê· Ë  Ë€ Ë¤ Ë áµ áµ á¶¬ â¿ á¶¯ á¶® áµ‘ á¶° &#160;Ì°  &#160;Ì¤  &#160;Íˆ &#160;Ì¯ &#160;Ì‘</span><br />"
<b><a href=\\'/wiki/Appendix:English_pronunciation\\' title=\\'Appendix:English pronunciation\\'>enPR</a></b>", " ", "<span class=\\'charinsert\\'>{{enPR|+</span>", <b><a href=\\'/wiki/Appendix:English_pronunciation\\' title=\\'Appendix:English pronunciation\\'>enPR</a></b>: <span class=\\'charinsert\\'>{{enPR|+</span>"
<b><a href=\\'/wiki/Appendix:English_pronunciation#Vowels\\' title=\\'Appendix:English pronunciation\\'>Vowels</a></b>", " ", "<span class=\\'charinsert\\'>Ä Äƒ Ã¤ Ã¢ Ä“ Ä• Ä« Ä­ Ã® Å Å Ã´ Å­ oÍo</span> (â€œfoodâ€) <span class=\\'charinsert\\'>oÍo</span> (â€œfootâ€) <span class=\\'charinsert\\'>Ã» É™</span> Â·Â·Â·", <b><a href=\\'/wiki/Appendix:English_pronunciation#Vowels\\' title=\\'Appendix:English pronunciation\\'>Vowels</a></b>: <span class=\\'charinsert\\'>Ä Äƒ Ã¤ Ã¢ Ä“ Ä• Ä« Ä­ Ã® Å Å Ã´ Å­ oÍo</span> (â€œfoodâ€) <span class=\\'charinsert\\'>oÍo</span> (â€œfootâ€) <span class=\\'charinsert\\'>Ã» É™</span> Â·Â·Â·"
<b>Partially anglicised foreign phonemes</b>", " ", "<span class=\\'charinsert\\'>É´ Ê€ á´‹Êœ Ã¶ Ã¼</span> Â·Â·Â·", <b>Partially anglicised foreign phonemes</b>: <span class=\\'charinsert\\'>É´ Ê€ á´‹Êœ Ã¶ Ã¼</span> Â·Â·Â·"
<b><a href=\\'/wiki/Appendix:English_pronunciation#Other_symbols\\' title=\\'Appendix:English pronunciation\\'>Stress markers</a></b>", " ", "<span class=\\'charinsert\\'>Ê¹ \\'</span>", <b><a href=\\'/wiki/Appendix:English_pronunciation#Other_symbols\\' title=\\'Appendix:English pronunciation\\'>Stress markers</a></b>: <span class=\\'charinsert\\'>Ê¹ \\'</span>"
</p>", </p>"
<p class=\\'specialbasic\\' id=\\'edittools-Modifiers_and_combining_diacritics\\'>", <p class=\\'specialbasic\\' id=\\'edittools-Modifiers_and_combining_diacritics\\'>"
<b>Spacing modifiers</b>", " ", "<span class=\\'charinsert\\' style=\\'font-size", " ", "x-large;\\'>", <b>Spacing modifiers</b>: <span class=\\'charinsert\\' style=\\'font-size: x-large;\\'>"
<span title=\\'U+02B9 MODIFIER LETTER PRIME\\'>Ê¹</span>", <span title=\\'U+02B9 MODIFIER LETTER PRIME\\'>Ê¹</span>"
<span title=\\'U+02BA MODIFIER LETTER DOUBLE PRIME\\'>Êº</span>", <span title=\\'U+02BA MODIFIER LETTER DOUBLE PRIME\\'>Êº</span>"
<span title=\\'U+02BB MODIFIER LETTER TURNED COMMA\\'>Ê»</span>", <span title=\\'U+02BB MODIFIER LETTER TURNED COMMA\\'>Ê»</span>"
<span title=\\'U+02BC MODIFIER LETTER APOSTROPHE\\'>Ê¼</span>", <span title=\\'U+02BC MODIFIER LETTER APOSTROPHE\\'>Ê¼</span>"
<span title=\\'U+02BD MODIFIER LETTER REVERSED COMMA\\'>Ê½</span>", <span title=\\'U+02BD MODIFIER LETTER REVERSED COMMA\\'>Ê½</span>"
<span title=\\'U+02BE MODIFIER LETTER RIGHT HALF RING\\'>Ê¾</span>", <span title=\\'U+02BE MODIFIER LETTER RIGHT HALF RING\\'>Ê¾</span>"
<span title=\\'U+02BF MODIFIER LETTER LEFT HALF RING\\'>Ê¿</span>", <span title=\\'U+02BF MODIFIER LETTER LEFT HALF RING\\'>Ê¿</span>"
<span title=\\'U+02C0 MODIFIER LETTER GLOTTAL STOP\\'>Ë€</span>", <span title=\\'U+02C0 MODIFIER LETTER GLOTTAL STOP\\'>Ë€</span>"
<span title=\\'U+02C1 MODIFIER LETTER REVERSED GLOTTAL STOP\\'>Ë</span>", <span title=\\'U+02C1 MODIFIER LETTER REVERSED GLOTTAL STOP\\'>Ë</span>"
<span title=\\'U+02C2 MODIFIER LETTER LEFT ARROWHEAD\\'>Ë‚</span>", <span title=\\'U+02C2 MODIFIER LETTER LEFT ARROWHEAD\\'>Ë‚</span>"
<span title=\\'U+02C3 MODIFIER LETTER RIGHT ARROWHEAD\\'>Ëƒ</span>", <span title=\\'U+02C3 MODIFIER LETTER RIGHT ARROWHEAD\\'>Ëƒ</span>"
<span title=\\'U+02C4 MODIFIER LETTER UP ARROWHEAD\\'>Ë„</span>", <span title=\\'U+02C4 MODIFIER LETTER UP ARROWHEAD\\'>Ë„</span>"
<span title=\\'U+02C5 MODIFIER LETTER DOWN ARROWHEAD\\'>Ë…</span>", <span title=\\'U+02C5 MODIFIER LETTER DOWN ARROWHEAD\\'>Ë…</span>"
<span title=\\'U+02C6 MODIFIER LETTER CIRCUMFLEX ACCENT\\'>Ë†</span>", <span title=\\'U+02C6 MODIFIER LETTER CIRCUMFLEX ACCENT\\'>Ë†</span>"
<span title=\\'U+02C7 CARON\\'>Ë‡</span>", <span title=\\'U+02C7 CARON\\'>Ë‡</span>"
<span title=\\'U+02C8 MODIFIER LETTER VERTICAL LINE\\'>Ëˆ</span>", <span title=\\'U+02C8 MODIFIER LETTER VERTICAL LINE\\'>Ëˆ</span>"
<span title=\\'U+02C9 MODIFIER LETTER MACRON\\'>Ë‰</span>", <span title=\\'U+02C9 MODIFIER LETTER MACRON\\'>Ë‰</span>"
<span title=\\'U+02D8 BREVE\\'>Ë˜</span>", <span title=\\'U+02D8 BREVE\\'>Ë˜</span>"
<span title=\\'U+02CA MODIFIER LETTER ACUTE ACCENT\\'>ËŠ</span>", <span title=\\'U+02CA MODIFIER LETTER ACUTE ACCENT\\'>ËŠ</span>"
<span title=\\'U+02CB MODIFIER LETTER GRAVE ACCENT\\'>Ë‹</span>", <span title=\\'U+02CB MODIFIER LETTER GRAVE ACCENT\\'>Ë‹</span>"
<span title=\\'U+02CC MODIFIER LETTER LOW VERTICAL LINE\\'>ËŒ</span>", <span title=\\'U+02CC MODIFIER LETTER LOW VERTICAL LINE\\'>ËŒ</span>"
<span title=\\'U+02CD MODIFIER LETTER LOW MACRON\\'>Ë</span>", <span title=\\'U+02CD MODIFIER LETTER LOW MACRON\\'>Ë</span>"
<span title=\\'U+02CE MODIFIER LETTER LOW GRAVE ACCENT\\'>Ë</span>", <span title=\\'U+02CE MODIFIER LETTER LOW GRAVE ACCENT\\'>Ë</span>"
<span title=\\'U+02CF MODIFIER LETTER LOW ACUTE ACCENT\\'>Ë</span>", <span title=\\'U+02CF MODIFIER LETTER LOW ACUTE ACCENT\\'>Ë</span>"
<span title=\\'U+25CC DOTTED CIRCLE\\'>â—Œ</span>", <span title=\\'U+25CC DOTTED CIRCLE\\'>â—Œ</span>"
</span><br />", </span><br />"
<b>Combining diacritics</b>", " ", "<span class=\\'charinsert\\' style=\\'font-size", " ", "x-large;\\'>", <b>Combining diacritics</b>: <span class=\\'charinsert\\' style=\\'font-size: x-large;\\'>"
&#x2002;<span title=\\'U+0300 COMBINING GRAVE ACCENT\\'>&#160;Ì€</span>", &#x2002;<span title=\\'U+0300 COMBINING GRAVE ACCENT\\'>&#160;Ì€</span>"
&#x2002;<span title=\\'U+0301 COMBINING ACUTE ACCENT\\'>&#160;Ì</span>", &#x2002;<span title=\\'U+0301 COMBINING ACUTE ACCENT\\'>&#160;Ì</span>"
&#x2002;<span title=\\'U+0302 COMBINING CIRCUMFLEX ACCENT\\'>&#160;Ì‚</span>", &#x2002;<span title=\\'U+0302 COMBINING CIRCUMFLEX ACCENT\\'>&#160;Ì‚</span>"
&#x2002;<span title=\\'U+0303 COMBINING TILDE\\'>&#160;Ìƒ</span>", &#x2002;<span title=\\'U+0303 COMBINING TILDE\\'>&#160;Ìƒ</span>"
&#x2002;<span title=\\'U+0304 COMBINING MACRON\\'>&#160;Ì„</span>", &#x2002;<span title=\\'U+0304 COMBINING MACRON\\'>&#160;Ì„</span>"
&#x2002;<span title=\\'U+0305 COMBINING OVERLINE\\'>&#160;Ì…</span>", &#x2002;<span title=\\'U+0305 COMBINING OVERLINE\\'>&#160;Ì…</span>"
&#x2002;<span title=\\'U+0306 COMBINING BREVE\\'>&#160;Ì†</span>", &#x2002;<span title=\\'U+0306 COMBINING BREVE\\'>&#160;Ì†</span>"
&#x2002;<span title=\\'U+0307 COMBINING DOT ABOVE\\'>&#160;Ì‡</span>", &#x2002;<span title=\\'U+0307 COMBINING DOT ABOVE\\'>&#160;Ì‡</span>"
&#x2002;<span title=\\'U+0308 COMBINING DIAERESIS\\'>&#160;Ìˆ</span>", &#x2002;<span title=\\'U+0308 COMBINING DIAERESIS\\'>&#160;Ìˆ</span>"
&#x2002;<span title=\\'U+0309 COMBINING HOOK ABOVE\\'>&#160;Ì‰</span>", &#x2002;<span title=\\'U+0309 COMBINING HOOK ABOVE\\'>&#160;Ì‰</span>"
&#x2002;<span title=\\'U+030A COMBINING RING ABOVE\\'>&#160;ÌŠ</span>", &#x2002;<span title=\\'U+030A COMBINING RING ABOVE\\'>&#160;ÌŠ</span>"
&#x2002;<span title=\\'U+030B COMBINING DOUBLE ACUTE ACCENT\\'>&#160;Ì‹</span>", &#x2002;<span title=\\'U+030B COMBINING DOUBLE ACUTE ACCENT\\'>&#160;Ì‹</span>"
&#x2002;<span title=\\'U+030C COMBINING CARON\\'>&#160;ÌŒ</span>", &#x2002;<span title=\\'U+030C COMBINING CARON\\'>&#160;ÌŒ</span>"
&#x2002;<span title=\\'U+030D COMBINING VERTICAL LINE ABOVE\\'>&#160;Ì</span>", &#x2002;<span title=\\'U+030D COMBINING VERTICAL LINE ABOVE\\'>&#160;Ì</span>"
&#x2002;<span title=\\'U+030E COMBINING DOUBLE VERTICAL LINE ABOVE\\'>&#160;Ì</span>", &#x2002;<span title=\\'U+030E COMBINING DOUBLE VERTICAL LINE ABOVE\\'>&#160;Ì</span>"
&#x2002;<span title=\\'U+030F COMBINING DOUBLE GRAVE ACCENT\\'>&#160;Ì</span>", &#x2002;<span title=\\'U+030F COMBINING DOUBLE GRAVE ACCENT\\'>&#160;Ì</span>"
&#x2002;<span title=\\'U+0310 COMBINING CANDRABINDU\\'>&#160;Ì</span>", &#x2002;<span title=\\'U+0310 COMBINING CANDRABINDU\\'>&#160;Ì</span>"
&#x2002;<span title=\\'U+0311 COMBINING INVERTED BREVE\\'>&#160;Ì‘</span>", &#x2002;<span title=\\'U+0311 COMBINING INVERTED BREVE\\'>&#160;Ì‘</span>"
&#x2002;<span title=\\'U+0312 COMBINING TURNED COMMA ABOVE\\'>&#160;Ì’</span>", &#x2002;<span title=\\'U+0312 COMBINING TURNED COMMA ABOVE\\'>&#160;Ì’</span>"
&#x2002;<span title=\\'U+0313 COMBINING COMMA ABOVE\\'>&#160;Ì“</span>", &#x2002;<span title=\\'U+0313 COMBINING COMMA ABOVE\\'>&#160;Ì“</span>"
&#x2002;<span title=\\'U+0314 COMBINING REVERSED COMMA ABOVE\\'>&#160;Ì”</span>", &#x2002;<span title=\\'U+0314 COMBINING REVERSED COMMA ABOVE\\'>&#160;Ì”</span>"
&#x2002;<span title=\\'U+0315 COMBINING COMMA ABOVE RIGHT\\'>&#160;Ì•</span>", &#x2002;<span title=\\'U+0315 COMBINING COMMA ABOVE RIGHT\\'>&#160;Ì•</span>"
&#x2002;<span title=\\'U+0316 COMBINING GRAVE ACCENT BELOW\\'>&#160;Ì–</span>", &#x2002;<span title=\\'U+0316 COMBINING GRAVE ACCENT BELOW\\'>&#160;Ì–</span>"
&#x2002;<span title=\\'U+0317 COMBINING ACUTE ACCENT BELOW\\'>&#160;Ì—</span>", &#x2002;<span title=\\'U+0317 COMBINING ACUTE ACCENT BELOW\\'>&#160;Ì—</span>"
&#x2002;<span title=\\'U+0318 COMBINING LEFT TACK BELOW\\'>&#160;Ì˜</span>", &#x2002;<span title=\\'U+0318 COMBINING LEFT TACK BELOW\\'>&#160;Ì˜</span>"
&#x2002;<span title=\\'U+0319 COMBINING RIGHT TACK BELOW\\'>&#160;Ì™</span>", &#x2002;<span title=\\'U+0319 COMBINING RIGHT TACK BELOW\\'>&#160;Ì™</span>"
&#x2002;<span title=\\'U+031A COMBINING LEFT ANGLE ABOVE\\'>&#160;Ìš</span>", &#x2002;<span title=\\'U+031A COMBINING LEFT ANGLE ABOVE\\'>&#160;Ìš</span>"
&#x2002;<span title=\\'U+031B COMBINING HORN\\'>&#160;Ì›</span>", &#x2002;<span title=\\'U+031B COMBINING HORN\\'>&#160;Ì›</span>"
&#x2002;<span title=\\'U+031C COMBINING LEFT HALF RING BELOW\\'>&#160;Ìœ</span>", &#x2002;<span title=\\'U+031C COMBINING LEFT HALF RING BELOW\\'>&#160;Ìœ</span>"
&#x2002;<span title=\\'U+031D COMBINING UP TACK BELOW\\'>&#160;Ì</span>", &#x2002;<span title=\\'U+031D COMBINING UP TACK BELOW\\'>&#160;Ì</span>"
&#x2002;<span title=\\'U+031E COMBINING DOWN TACK BELOW\\'>&#160;Ì</span>", &#x2002;<span title=\\'U+031E COMBINING DOWN TACK BELOW\\'>&#160;Ì</span>"
&#x2002;<span title=\\'U+031F COMBINING PLUS SIGN BELOW\\'>&#160;ÌŸ</span>", &#x2002;<span title=\\'U+031F COMBINING PLUS SIGN BELOW\\'>&#160;ÌŸ</span>"
&#x2002;<span title=\\'U+0320 COMBINING MINUS SIGN BELOW\\'>&#160;Ì </span>", &#x2002;<span title=\\'U+0320 COMBINING MINUS SIGN BELOW\\'>&#160;Ì </span>"
&#x2002;<span title=\\'U+0321 COMBINING PALATALIZED HOOK BELOW\\'>&#160;Ì¡</span>", &#x2002;<span title=\\'U+0321 COMBINING PALATALIZED HOOK BELOW\\'>&#160;Ì¡</span>"
&#x2002;<span title=\\'U+0322 COMBINING RETROFLEX HOOK BELOW\\'>&#160;Ì¢</span>", &#x2002;<span title=\\'U+0322 COMBINING RETROFLEX HOOK BELOW\\'>&#160;Ì¢</span>"
&#x2002;<span title=\\'U+0323 COMBINING DOT BELOW\\'>&#160;Ì£</span>", &#x2002;<span title=\\'U+0323 COMBINING DOT BELOW\\'>&#160;Ì£</span>"
&#x2002;<span title=\\'U+0324 COMBINING DIAERESIS BELOW\\'>&#160;Ì¤</span>", &#x2002;<span title=\\'U+0324 COMBINING DIAERESIS BELOW\\'>&#160;Ì¤</span>"
&#x2002;<span title=\\'U+0325 COMBINING RING BELOW\\'>&#160;Ì¥</span>", &#x2002;<span title=\\'U+0325 COMBINING RING BELOW\\'>&#160;Ì¥</span>"
&#x2002;<span title=\\'U+0326 COMBINING COMMA BELOW\\'>&#160;Ì¦</span>", &#x2002;<span title=\\'U+0326 COMBINING COMMA BELOW\\'>&#160;Ì¦</span>"
&#x2002;<span title=\\'U+0327 COMBINING CEDILLA\\'>&#160;Ì§</span>", &#x2002;<span title=\\'U+0327 COMBINING CEDILLA\\'>&#160;Ì§</span>"
&#x2002;<span title=\\'U+0328 COMBINING OGONEK\\'>&#160;Ì¨</span>", &#x2002;<span title=\\'U+0328 COMBINING OGONEK\\'>&#160;Ì¨</span>"
&#x2002;<span title=\\'U+0329 COMBINING VERTICAL LINE BELOW\\'>&#160;Ì©</span>", &#x2002;<span title=\\'U+0329 COMBINING VERTICAL LINE BELOW\\'>&#160;Ì©</span>"
&#x2002;<span title=\\'U+032A COMBINING BRIDGE BELOW\\'>&#160;Ìª</span>", &#x2002;<span title=\\'U+032A COMBINING BRIDGE BELOW\\'>&#160;Ìª</span>"
&#x2002;<span title=\\'U+032B COMBINING INVERTED DOUBLE ARCH BELOW\\'>&#160;Ì«</span>", &#x2002;<span title=\\'U+032B COMBINING INVERTED DOUBLE ARCH BELOW\\'>&#160;Ì«</span>"
&#x2002;<span title=\\'U+032C COMBINING CARON BELOW\\'>&#160;Ì¬</span>", &#x2002;<span title=\\'U+032C COMBINING CARON BELOW\\'>&#160;Ì¬</span>"
&#x2002;<span title=\\'U+032D COMBINING CIRCUMFLEX ACCENT BELOW\\'>&#160;Ì­</span>", &#x2002;<span title=\\'U+032D COMBINING CIRCUMFLEX ACCENT BELOW\\'>&#160;Ì­</span>"
&#x2002;<span title=\\'U+032E COMBINING BREVE BELOW\\'>&#160;Ì®</span>", &#x2002;<span title=\\'U+032E COMBINING BREVE BELOW\\'>&#160;Ì®</span>"
&#x2002;<span title=\\'U+032F COMBINING INVERTED BREVE BELOW\\'>&#160;Ì¯</span>", &#x2002;<span title=\\'U+032F COMBINING INVERTED BREVE BELOW\\'>&#160;Ì¯</span>"
&#x2002;<span title=\\'U+0330 COMBINING TILDE BELOW\\'>&#160;Ì°</span>", &#x2002;<span title=\\'U+0330 COMBINING TILDE BELOW\\'>&#160;Ì°</span>"
&#x2002;<span title=\\'U+0331 COMBINING MACRON BELOW\\'>&#160;Ì±</span>", &#x2002;<span title=\\'U+0331 COMBINING MACRON BELOW\\'>&#160;Ì±</span>"
&#x2002;<span title=\\'U+0332 COMBINING LOW LINE\\'>&#160;Ì²</span>", &#x2002;<span title=\\'U+0332 COMBINING LOW LINE\\'>&#160;Ì²</span>"
&#x2002;<span title=\\'U+0333 COMBINING DOUBLE LOW LINE\\'>&#160;Ì³</span>", &#x2002;<span title=\\'U+0333 COMBINING DOUBLE LOW LINE\\'>&#160;Ì³</span>"
&#x2002;</span>", &#x2002;</span>"
</p>", </p>"
<p class=\\'specialbasic\\' id=\\'edittools-Miscellaneous\\'>", <p class=\\'specialbasic\\' id=\\'edittools-Miscellaneous\\'>"
<b>Wiki markup</b>", " ", "<span class=\\'charinsert\\'>[[+]] {{+ # &lt;+&gt; ~ |</span> Â·Â·Â·", <b>Wiki markup</b>: <span class=\\'charinsert\\'>[[+]] {{+ # &lt;+&gt; ~ |</span> Â·Â·Â·"
<b>Quotation marks</b>", " ", "<b><span class=\\'charinsert\\'>â€œ+â€ â€˜+â€™ â€˜ â€™ â€› â€+â€œ â€š+â€˜ Â«+Â» â€¹+â€º âŸ¨+âŸ©</span></b> Â·Â·Â·", <b>Quotation marks</b>: <b><span class=\\'charinsert\\'>â€œ+â€ â€˜+â€™ â€˜ â€™ â€› â€+â€œ â€š+â€˜ Â«+Â» â€¹+â€º âŸ¨+âŸ©</span></b> Â·Â·Â·"
<b>Other punctuation</b>", " ", "<span class=\\'charinsert\\'>", <b>Other punctuation</b>: <span class=\\'charinsert\\'>"
<span title=\\'ellipsis\\'>â€¦</span> <span title=\\'middle dot\\'>Â·</span>", <span title=\\'ellipsis\\'>â€¦</span> <span title=\\'middle dot\\'>Â·</span>"
<span title=\\'non-breaking hyphen\\'>â€‘</span> <span title=\\'en dash\\'>â€“</span> <span title=\\'em dash\\'>â€”</span> <span title=\\'quotation dash\\'>â€•</span> <span title=\\'double oblique hyphen\\'>â¸—</span>", <span title=\\'non-breaking hyphen\\'>â€‘</span> <span title=\\'en dash\\'>â€“</span> <span title=\\'em dash\\'>â€”</span> <span title=\\'quotation dash\\'>â€•</span> <span title=\\'double oblique hyphen\\'>â¸—</span>"
<span title=\\'inverted question mark\\'>Â¿</span>", <span title=\\'inverted question mark\\'>Â¿</span>"
<span title=\\'inverted exclamation mark\\'>Â¡</span>", <span title=\\'inverted exclamation mark\\'>Â¡</span>"
<span title=\\'interrobang\\'>â€½</span></span>", <span title=\\'interrobang\\'>â€½</span></span>"
<b>Mathematical symbols</b>", " ", " ", <b>Mathematical symbols</b>:"
<span class=\\'charinsert\\'><span title=\\'plus-minus sign\\'>Â±</span>", <span class=\\'charinsert\\'><span title=\\'plus-minus sign\\'>Â±</span>"
<span title=\\'minus sign\\'>âˆ’</span>", <span title=\\'minus sign\\'>âˆ’</span>"
<span title=\\'multiplication sign\\'>Ã—</span>", <span title=\\'multiplication sign\\'>Ã—</span>"
<span title=\\'division sign\\'>Ã·</span>", <span title=\\'division sign\\'>Ã·</span>"
<span title=\\'degree sign\\'>Â°</span>", <span title=\\'degree sign\\'>Â°</span>"
<span title=\\'approximately equals\\'>â‰ˆ</span>", <span title=\\'approximately equals\\'>â‰ˆ</span>"
<span title=\\'not equal to\\'>â‰ </span>", <span title=\\'not equal to\\'>â‰ </span>"
<span title=\\'empty set, nothing\\'>âˆ…</span></span>", <span title=\\'empty set" , " nothing\\'>âˆ…</span></span>"
<b>Superscripts and subscripts</b>", " ", " ", <b>Superscripts and subscripts</b>:"
<span class=\\'charinsert\\'>", <span class=\\'charinsert\\'>"
<span title=\\'superscripts\\'>â° Â¹ Â² Â³ â´ âµ â¶ â· â¸ â¹</span>", <span title=\\'superscripts\\'>â° Â¹ Â² Â³ â´ âµ â¶ â· â¸ â¹</span>"
<span title=\\'subscripts\\'>â‚€ â‚ â‚‚ â‚ƒ â‚„ â‚… â‚† â‚‡ â‚ˆ â‚‰</span>", <span title=\\'subscripts\\'>â‚€ â‚ â‚‚ â‚ƒ â‚„ â‚… â‚† â‚‡ â‚ˆ â‚‰</span>"
</span>", </span>"
<b>Other symbols</b>", " ", " ", <b>Other symbols</b>:"
<span class=\\'charinsert\\'><span title=\\'ordinal indicators\\'>Âª Âº</span>", <span class=\\'charinsert\\'><span title=\\'ordinal indicators\\'>Âª Âº</span>"
<span title=\\'pilcrow/paragraph sign\\'>Â¶</span>", <span title=\\'pilcrow/paragraph sign\\'>Â¶</span>"
<span title=\\'section sign\\'>Â§</span>", <span title=\\'section sign\\'>Â§</span>"
<span title=\\'single and double daggers\\'>â€  â€¡</span>", <span title=\\'single and double daggers\\'>â€  â€¡</span>"
<span title=\\'numero sign\\'>â„–</span>", <span title=\\'numero sign\\'>â„–</span>"
<span title=\\'Tironian et\\'>âŠ</span>", <span title=\\'Tironian et\\'>âŠ</span>"
<span title=\\'checkmark\\'>âœ”</span>", <span title=\\'checkmark\\'>âœ”</span>"
<span title=\\'left arrows\\'>â† â‡</span>", <span title=\\'left arrows\\'>â† â‡</span>"
<span title=\\'right arrows\\'>â†’ â‡’</span>", <span title=\\'right arrows\\'>â†’ â‡’</span>"
<span title=\\'therefore\\'>âˆ´</span>", <span title=\\'therefore\\'>âˆ´</span>"
<span title=\\'because\\'>âˆµ</span>", <span title=\\'because\\'>âˆµ</span>"
<span title=\\'prime\\'>â€²</span>", <span title=\\'prime\\'>â€²</span>"
<span title=\\'double prime\\'>â€³</span>", <span title=\\'double prime\\'>â€³</span>"
<span title=\\'ditto mark\\'>ã€ƒ</span>", <span title=\\'ditto mark\\'>ã€ƒ</span>"
<span title=\\'female sign\\'>â™€</span>", <span title=\\'female sign\\'>â™€</span>"
<span title=\\'male sign\\'>â™‚</span></span>", <span title=\\'male sign\\'>â™‚</span></span>"
</p>", </p>"
<p class=\\'speciallang mw-editfont-monospace\\' id=\\'edittools-Templates_and_Headers\\' style=\\'display", " ", "none;\\'>", <p class=\\'speciallang mw-editfont-monospace\\' id=\\'edittools-Templates_and_Headers\\' style=\\'display: none;\\'>"
<span class=\\'charinsert\\'>{{en-noun {{en-adj {{en-verb {{en-adv {{en-proper&#160;noun {{plural&#160;of|+ {{present&#160;participle&#160;of|+ {{comparative&#160;of|+ {{superlative&#160;of|+ {{misspelling&#160;of|+ {{inflection&#160;of|+ {{alternative&#160;form&#160;of|+ {{alternative&#160;spelling&#160;of|+ {{trans-top|+  {{trans-top|Evening of the day", <span class=\\'charinsert\\'>{{en-noun {{en-adj {{en-verb {{en-adv {{en-proper&#160;noun {{plural&#160;of|+ {{present&#160;participle&#160;of|+ {{comparative&#160;of|+ {{superlative&#160;of|+ {{misspelling&#160;of|+ {{inflection&#160;of|+ {{alternative&#160;form&#160;of|+ {{alternative&#160;spelling&#160;of|+ {{trans-top|+  {{trans-top|Evening of the day"
"even-Apr20-0520", "Afrikaans", " ", "aand", " aand"
"even-Apr20-0520", "Bulgarian", " ", "Ğ²ĞµÑ‡ĞµÑ€|f|sc=Cyrl", " Ğ²ĞµÑ‡ĞµÑ€|f|sc=Cyrl"
"even-Apr20-0520", "Czech", " ", "veÄer|m", " veÄer|m"
"even-Apr20-0520", "Dutch", " ", "avondstond|m", " avondstond|m"
"even-Apr20-0520", "Finnish", " ", "ilta", " ilta"
"even-Apr20-0520", "French", " ", "veillÃ©e|f, veillÃ©e du soir|f", " veillÃ©e|f" , " veillÃ©e du soir|f"
"even-Apr20-0520", "Hebrew", " ", "×¢×¨×‘|m|tr=Ã©rev|sc=Hebr", " ×¢×¨×‘|m|tr=Ã©rev|sc=Hebr"
"even-Apr20-0520", "Italian", " ", "sera", " sera"
"even-Apr20-0520", "Latin", " ", "vesper|m", " vesper|m"
"even-Apr20-0520", "Polish", " ", "poranek", " poranek"
"even-Apr20-0520", "Russian", " ", "Ğ²ĞµÌÑ‡ĞµÑ€|m", " Ğ²ĞµÌÑ‡ĞµÑ€|m"
"even-Apr20-0520", "Spanish", " ", "tarde|f", " tarde|f"
"even-Apr20-0520", "Swedish", " ", "kvÃ¤ll|c, afton|c", " kvÃ¤ll|c" , " afton|c"
"even-Apr20-0520", "Vietnamese", " ", "chiá»u", " chiá»u"