also, https://en.wiktionary.org/wiki/also#English
every,  https://en.wiktionary.org/wiki/every#English
any, https://en.wiktionary.org/wiki/any#English
even, https://en.wiktionary.org/wiki/even#English
just, https://en.wiktionary.org/wiki/just#English
any, https://en.wiktionary.org/wiki/any#English
some, https://en.wiktionary.org/wiki/some#English
too, https://en.wiktionary.org/wiki/too#English
who, https://en.wiktionary.org/wiki/who#English
what, https://en.wiktionary.org/wiki/what#English
someone, https://en.wiktionary.org/wiki/someone#English
anyone, https://en.wiktionary.org/wiki/anyone#English
everyone, https://en.wiktionary.org/wiki/everyone#English
no_one, https://en.wiktionary.org/wiki/no_one#English
everything, https://en.wiktionary.org/wiki/everything#English
nothing, https://en.wiktionary.org/wiki/nothing#English
anything, https://en.wiktionary.org/wiki/anything
where

